Annee;HC;HP;HF;Valeur
2021;HC_12;TOTAL;HF_32;136
2021;HC_21;TOTAL;HF_11;138
2021;HC_21;TOTAL;HF_121;8604
2021;HC_23;TOTAL;HF_32;751
2021;HC_24;TOTAL;HF_122;0
2021;HC_31;TOTAL;HF_11;759
2021;HC_32;TOTAL;HF_121;93
2021;HC_34;TOTAL;HF_11;3615
2021;HC_34;TOTAL;HF_122;11
2021;HC_34;TOTAL;HF_21;19
2021;HC_41;TOTAL;HF_11;30
2021;HC_41;TOTAL;HF_122;549
2021;HC_42;TOTAL;HF_122;383
2021;HC_43;TOTAL;HF_31;55
2021;HC_43;TOTAL;HF_32;124
2021;HC_52;TOTAL;HF_11;66
2021;HC_52;TOTAL;HF_21;2877
2021;HC_61;TOTAL;HF_121;264
2021;HC_62;TOTAL;HF_32;0
2021;HC_63;TOTAL;HF_121;6680
2021;HC_63;TOTAL;HF_122;65
2021;HC_66;TOTAL;HF_121;259
2021;HC_72;TOTAL;HF_121;6590
2021;HC_72;TOTAL;HF_122;3511
2021;HC_72;TOTAL;HF_21;4181
2022;HC_11;TOTAL;HF_121;48468
2022;HC_11;TOTAL;HF_21;1239
2022;HC_11;TOTAL;HF_31;169
2022;HC_11;TOTAL;HF_32;953
2022;HC_12;TOTAL;HF_121;11097
2022;HC_14;TOTAL;HF_11;49
2022;HC_14;TOTAL;HF_21;349
2022;HC_22;TOTAL;HF_122;12
2022;HC_23;TOTAL;HF_122;745
2022;HC_23;TOTAL;HF_21;693
2022;HC_24;TOTAL;HF_122;0
2022;HC_24;TOTAL;HF_21;0
2022;HC_24;TOTAL;HF_32;0
2022;HC_31;TOTAL;HF_122;14
2022;HC_31;TOTAL;HF_21;10
2022;HC_34;TOTAL;HF_121;3896
2022;HC_34;TOTAL;HF_122;12
2022;HC_34;TOTAL;HF_21;19
2022;HC_41;TOTAL;HF_32;276
2022;HC_42;TOTAL;HF_11;16
2022;HC_42;TOTAL;HF_122;382
2022;HC_43;TOTAL;HF_122;78
2022;HC_43;TOTAL;HF_21;124
2022;HC_43;TOTAL;HF_31;52
2022;HC_52;TOTAL;HF_122;4405
2022;HC_52;TOTAL;HF_21;2720
2022;HC_61;TOTAL;HF_11;863
2022;HC_61;TOTAL;HF_122;2
2022;HC_61;TOTAL;HF_21;2
2022;HC_62;TOTAL;HF_21;101
2022;HC_63;TOTAL;HF_11;47
2022;HC_64;TOTAL;HF_21;0
2022;HC_65;TOTAL;HF_11;24
2022;HC_65;TOTAL;HF_21;0
2022;HC_65;TOTAL;HF_23;17
2022;HC_71;TOTAL;HF_11;1111
2022;HC_72;TOTAL;HF_122;3559
2022;HC_72;TOTAL;HF_21;4346
2023;HC_11;TOTAL;HF_122;923
2023;HC_12;TOTAL;HF_122;123
2023;HC_12;TOTAL;HF_21;190
2023;HC_12;TOTAL;HF_32;93
2023;HC_14;TOTAL;HF_21;368
2023;HC_14;TOTAL;HF_32;207
2023;HC_21;TOTAL;HF_121;9360
2023;HC_21;TOTAL;HF_122;187
2023;HC_21;TOTAL;HF_21;273
2023;HC_23;TOTAL;HF_11;23
2023;HC_24;TOTAL;HF_121;0
2023;HC_24;TOTAL;HF_21;0
2023;HC_31;TOTAL;HF_121;24827
2023;HC_31;TOTAL;HF_122;7
2023;HC_31;TOTAL;HF_32;13330
2023;HC_34;TOTAL;HF_11;5161
2023;HC_41;TOTAL;HF_122;636
2023;HC_41;TOTAL;HF_21;511
2023;HC_42;TOTAL;HF_11;19
2023;HC_42;TOTAL;HF_121;4351
2023;HC_42;TOTAL;HF_32;449
2023;HC_43;TOTAL;HF_11;30
2023;HC_43;TOTAL;HF_122;75
2023;HC_43;TOTAL;HF_31;65
2023;HC_52;TOTAL;HF_32;2938
2023;HC_61;TOTAL;HF_21;2
2023;HC_62;TOTAL;HF_11;75
2023;HC_63;TOTAL;HF_11;45
2023;HC_64;TOTAL;HF_121;1223
2023;HC_64;TOTAL;HF_23;2216
2023;HC_66;TOTAL;HF_121;82
2023;HC_72;TOTAL;HF_121;6728
2023;HC_72;TOTAL;HF_21;4539
2024;HC_11;TOTAL;HF_11;705
2024;HC_12;TOTAL;HF_11;154
2024;HC_12;TOTAL;HF_21;199
2024;HC_21;TOTAL;HF_121;9941
2024;HC_21;TOTAL;HF_122;323
2024;HC_22;TOTAL;HF_32;11
2024;HC_23;TOTAL;HF_32;960
2024;HC_24;TOTAL;HF_11;0
2024;HC_24;TOTAL;HF_121;0
2024;HC_24;TOTAL;HF_122;0
2024;HC_24;TOTAL;HF_21;0
2024;HC_31;TOTAL;HF_11;829
2024;HC_31;TOTAL;HF_121;25898
2024;HC_32;TOTAL;HF_121;107
2024;HC_33;TOTAL;HF_121;1668
2024;HC_34;TOTAL;HF_21;20
2024;HC_41;TOTAL;HF_11;27
2024;HC_41;TOTAL;HF_121;3539
2024;HC_41;TOTAL;HF_122;662
2024;HC_42;TOTAL;HF_32;510
2024;HC_43;TOTAL;HF_21;141
2024;HC_43;TOTAL;HF_31;58
2024;HC_43;TOTAL;HF_32;137
2024;HC_52;TOTAL;HF_11;65
2024;HC_52;TOTAL;HF_122;4965
2024;HC_52;TOTAL;HF_21;2849
2024;HC_61;TOTAL;HF_122;1
2024;HC_62;TOTAL;HF_11;67
2024;HC_62;TOTAL;HF_21;132
2024;HC_63;TOTAL;HF_21;0
2024;HC_64;TOTAL;HF_11;1079
2024;HC_64;TOTAL;HF_121;1382
2024;HC_64;TOTAL;HF_122;0
2024;HC_64;TOTAL;HF_23;2226
2024;HC_64;TOTAL;HF_32;32
2024;HC_65;TOTAL;HF_121;294
2024;HC_65;TOTAL;HF_23;18
2024;HC_66;TOTAL;HF_121;85
2024;HC_72;TOTAL;HF_122;3994
2021;HC_11;HP_12;TOTAL;9641
2021;HC_12;HP_11;TOTAL;9101
2021;HC_12;HP_34;TOTAL;1441
2021;HC_14;HP_31;TOTAL;932
2021;HC_14;HP_32;TOTAL;0
2021;HC_14;HP_33;TOTAL;8929
2021;HC_31;HP_11;TOTAL;1329
2021;HC_31;HP_22;TOTAL;177
2021;HC_34;HP_33;TOTAL;3633
2021;HC_34;HP_35;TOTAL;4006
2021;HC_41;HP_13;TOTAL;23
2021;HC_42;HP_12;TOTAL;0
2021;HC_42;HP_31;TOTAL;102
2021;HC_42;HP_32;TOTAL;347
2021;HC_52;HP_52;TOTAL;9993
2021;HC_52;HP_59;TOTAL;4220
2021;HC_61;HP_31;TOTAL;0
2021;HC_61;HP_6;TOTAL;339
2021;HC_61;HP_82;TOTAL;594
2021;HC_62;HP_12;TOTAL;0
2021;HC_62;HP_34;TOTAL;36
2021;HC_62;HP_6;TOTAL;2085
2021;HC_63;HP_34;TOTAL;0
2021;HC_64;HP_33;TOTAL;2
2021;HC_64;HP_42;TOTAL;0
2021;HC_65;HP_12;TOTAL;0
2021;HC_65;HP_13;TOTAL;0
2021;HC_65;HP_6;TOTAL;255
2021;HC_66;HP_6;TOTAL;487
2022;HC_12;HP_11;TOTAL;9919
2022;HC_12;HP_12;TOTAL;1
2022;HC_12;HP_34;TOTAL;1488
2022;HC_14;HP_12;TOTAL;38
2022;HC_21;HP_13;TOTAL;325
2022;HC_23;HP_13;TOTAL;5
2022;HC_23;HP_34;TOTAL;95
2022;HC_24;HP_33;TOTAL;0
2022;HC_33;HP_22;TOTAL;1536
2022;HC_34;HP_35;TOTAL;4588
2022;HC_41;HP_13;TOTAL;20
2022;HC_42;HP_11;TOTAL;13
2022;HC_42;HP_42;TOTAL;4572
2022;HC_43;HP_82;TOTAL;2712
2022;HC_52;HP_33;TOTAL;361
2022;HC_52;HP_52;TOTAL;10059
2022;HC_52;HP_59;TOTAL;4305
2022;HC_61;HP_31;TOTAL;0
2022;HC_61;HP_82;TOTAL;596
2022;HC_62;HP_31;TOTAL;355
2022;HC_62;HP_33;TOTAL;151
2022;HC_62;HP_34;TOTAL;8
2022;HC_62;HP_59;TOTAL;0
2022;HC_63;HP_11;TOTAL;0
2022;HC_63;HP_12;TOTAL;0
2022;HC_63;HP_34;TOTAL;0
2022;HC_63;HP_52;TOTAL;0
2022;HC_64;HP_12;TOTAL;0
2022;HC_64;HP_42;TOTAL;0
2022;HC_65;HP_11;TOTAL;0
2022;HC_65;HP_13;TOTAL;0
2022;HC_65;HP_59;TOTAL;0
2022;HC_71;HP_71;TOTAL;1111
2022;HC_72;HP_72;TOTAL;6729
2023;HC_12;HP_11;TOTAL;11036
2023;HC_14;HP_13;TOTAL;9
2023;HC_14;HP_31;TOTAL;784
2023;HC_14;HP_32;TOTAL;0
2023;HC_21;HP_13;TOTAL;365
2023;HC_24;HP_33;TOTAL;0
2023;HC_31;HP_21;TOTAL;37285
2023;HC_31;HP_22;TOTAL;209
2023;HC_32;HP_21;TOTAL;104
2023;HC_33;HP_22;TOTAL;1600
2023;HC_34;HP_35;TOTAL;5866
2023;HC_41;HP_11;TOTAL;297
2023;HC_41;HP_34;TOTAL;14
2023;HC_42;HP_11;TOTAL;12
2023;HC_42;HP_13;TOTAL;1
2023;HC_42;HP_42;TOTAL;4918
2023;HC_52;HP_13;TOTAL;153
2023;HC_52;HP_33;TOTAL;406
2023;HC_52;HP_59;TOTAL;4593
2023;HC_61;HP_31;TOTAL;0
2023;HC_61;HP_34;TOTAL;177
2023;HC_61;HP_82;TOTAL;650
2023;HC_62;HP_11;TOTAL;0
2023;HC_62;HP_12;TOTAL;0
2023;HC_62;HP_42;TOTAL;0
2023;HC_63;HP_42;TOTAL;496
2023;HC_63;HP_51;TOTAL;175
2023;HC_63;HP_52;TOTAL;0
2023;HC_64;HP_33;TOTAL;6
2023;HC_64;HP_34;TOTAL;942
2023;HC_66;HP_6;TOTAL;221
2024;HC_11;HP_11;TOTAL;42004
2024;HC_12;HP_34;TOTAL;1567
2024;HC_14;HP_32;TOTAL;0
2024;HC_14;HP_33;TOTAL;9449
2024;HC_21;HP_12;TOTAL;3
2024;HC_23;HP_12;TOTAL;1
2024;HC_24;HP_33;TOTAL;0
2024;HC_24;HP_34;TOTAL;0
2024;HC_31;HP_11;TOTAL;1518
2024;HC_31;HP_21;TOTAL;38357
2024;HC_34;HP_33;TOTAL;4079
2024;HC_41;HP_34;TOTAL;10
2024;HC_43;HP_41;TOTAL;3609
2024;HC_43;HP_81;TOTAL;78
2024;HC_43;HP_82;TOTAL;3176
2024;HC_52;HP_11;TOTAL;3078
2024;HC_52;HP_33;TOTAL;441
2024;HC_52;HP_59;TOTAL;4986
2024;HC_62;HP_12;TOTAL;0
2024;HC_62;HP_42;TOTAL;0
2024;HC_62;HP_51;TOTAL;1151
2024;HC_62;HP_59;TOTAL;0
2024;HC_63;HP_34;TOTAL;0
2024;HC_63;HP_42;TOTAL;366
2024;HC_64;HP_12;TOTAL;0
2024;HC_64;HP_6;TOTAL;3182
2024;HC_65;HP_13;TOTAL;0
2024;HC_65;HP_6;TOTAL;331
2024;HC_72;HP_72;TOTAL;6990
2021;HC_131;TOTAL;HF_11;50
2021;HC_131;TOTAL;HF_122;1203
2021;HC_131;TOTAL;HF_21;904
2021;HC_133;TOTAL;HF_11;174
2021;HC_133;TOTAL;HF_21;1259
2021;HC_133;TOTAL;HF_31;59
2021;HC_511;TOTAL;HF_11;248
2021;HC_511;TOTAL;HF_21;1710
2021;HC_513;TOTAL;HF_11;16
2022;HC_131;TOTAL;HF_11;53
2022;HC_131;TOTAL;HF_122;1190
2022;HC_131;TOTAL;HF_31;34
2022;HC_132;TOTAL;HF_11;23
2022;HC_132;TOTAL;HF_121;5550
2022;HC_132;TOTAL;HF_122;3745
2022;HC_133;TOTAL;HF_11;154
2022;HC_133;TOTAL;HF_21;1263
2022;HC_133;TOTAL;HF_31;75
2022;HC_511;TOTAL;HF_122;1635
2022;HC_512;TOTAL;HF_122;40
2022;HC_512;TOTAL;HF_21;117
2022;HC_513;TOTAL;HF_32;94
2023;HC_131;TOTAL;HF_21;974
2023;HC_131;TOTAL;HF_31;37
2023;HC_131;TOTAL;HF_32;1697
2023;HC_132;TOTAL;HF_32;1656
2023;HC_133;TOTAL;HF_11;175
2023;HC_133;TOTAL;HF_121;21689
2023;HC_133;TOTAL;HF_122;1584
2023;HC_511;TOTAL;HF_21;1867
2023;HC_511;TOTAL;HF_32;1302
2023;HC_512;TOTAL;HF_121;0
2023;HC_512;TOTAL;HF_122;35
2023;HC_512;TOTAL;HF_31;2583
2023;HC_513;TOTAL;HF_121;2311
2023;HC_513;TOTAL;HF_122;116
2023;HC_513;TOTAL;HF_32;88
2024;HC_131;TOTAL;HF_11;60
2024;HC_131;TOTAL;HF_21;1007
2024;HC_131;TOTAL;HF_31;51
2024;HC_131;TOTAL;HF_32;1970
2024;HC_132;TOTAL;HF_122;4342
2024;HC_133;TOTAL;HF_11;172
2024;HC_133;TOTAL;HF_31;27
2024;HC_511;TOTAL;HF_121;39394
2024;HC_511;TOTAL;HF_31;240
2024;HC_511;TOTAL;HF_32;1410
2024;HC_512;TOTAL;HF_121;0
2024;HC_512;TOTAL;HF_21;32
2024;HC_513;TOTAL;HF_121;2395
2024;HC_513;TOTAL;HF_122;131
2024;HC_513;TOTAL;HF_21;238
2024;HC_513;TOTAL;HF_31;372
2021;HC_131;HP_11;TOTAL;4911
2021;HC_131;HP_13;TOTAL;779
2021;HC_132;HP_32;TOTAL;11889
2021;HC_133;HP_13;TOTAL;105
2021;HC_133;HP_31;TOTAL;9488
2021;HC_133;HP_33;TOTAL;248
2021;HC_511;HP_51;TOTAL;26074
2021;HC_513;HP_51;TOTAL;3129
2021;HC_513;HP_52;TOTAL;3
2022;HC_131;HP_11;TOTAL;5083
2022;HC_131;HP_31;TOTAL;9470
2022;HC_131;HP_33;TOTAL;515
2022;HC_131;HP_34;TOTAL;331
2022;HC_132;HP_34;TOTAL;2080
2022;HC_133;HP_11;TOTAL;11711
2022;HC_133;HP_34;TOTAL;347
2022;HC_511;HP_13;TOTAL;117
2022;HC_513;HP_33;TOTAL;0
2023;HC_132;HP_31;TOTAL;86
2023;HC_132;HP_32;TOTAL;12530
2023;HC_133;HP_11;TOTAL;12501
2023;HC_133;HP_31;TOTAL;10502
2023;HC_133;HP_34;TOTAL;384
2023;HC_512;HP_51;TOTAL;2652
2024;HC_133;HP_34;TOTAL;420
2024;HC_511;HP_51;TOTAL;29520
2024;HC_513;HP_52;TOTAL;3
2021;TOTAL;TOTAL;HF_121;223880
2021;TOTAL;TOTAL;HF_122;18537
2021;TOTAL;TOTAL;HF_21;17567
2021;TOTAL;TOTAL;HF_23;2178
2021;TOTAL;TOTAL;HF_32;24606
2022;TOTAL;TOTAL;HF_122;19446
2022;TOTAL;TOTAL;HF_31;6943
2023;TOTAL;TOTAL;HF_11;11101
2023;TOTAL;TOTAL;HF_21;18491
2023;TOTAL;TOTAL;HF_31;7003
2024;TOTAL;TOTAL;HF_122;22186
2024;TOTAL;TOTAL;HF_23;2244
2024;TOTAL;TOTAL;HF_32;26603
2021;TOTAL;HP_11;TOTAL;94082
2021;TOTAL;HP_22;TOTAL;1415
2021;TOTAL;HP_32;TOTAL;12459
2021;TOTAL;HP_6;TOTAL;6156
2021;TOTAL;HP_71;TOTAL;1126
2021;TOTAL;HP_72;TOTAL;6590
2021;TOTAL;HP_82;TOTAL;3111
2022;TOTAL;HP_12;TOTAL;12715
2022;TOTAL;HP_13;TOTAL;2639
2022;TOTAL;HP_22;TOTAL;1745
2022;TOTAL;HP_31;TOTAL;21169
2022;TOTAL;HP_42;TOTAL;11525
2022;TOTAL;HP_59;TOTAL;4553
2022;TOTAL;HP_72;TOTAL;6729
2023;TOTAL;HP_12;TOTAL;13643
2023;TOTAL;HP_13;TOTAL;2845
2023;TOTAL;HP_21;TOTAL;37389
2023;TOTAL;HP_22;TOTAL;1809
2023;TOTAL;HP_34;TOTAL;6284
2023;TOTAL;HP_35;TOTAL;5866
2023;TOTAL;HP_59;TOTAL;4848
2023;TOTAL;HP_6;TOTAL;4220
2023;TOTAL;HP_81;TOTAL;74
2023;TOTAL;HP_82;TOTAL;3716
2024;TOTAL;HP_11;TOTAL;106155
2024;TOTAL;HP_13;TOTAL;2959
2024;TOTAL;HP_21;TOTAL;38464
2024;TOTAL;HP_22;TOTAL;1870
2024;TOTAL;HP_52;TOTAL;10878
2024;TOTAL;HP_71;TOTAL;1171
2024;TOTAL;HP_81;TOTAL;78
2024;TOTAL;HP_82;TOTAL;3885
2021;TOTAL;HP_6;HF_11;464
2021;TOTAL;HP_6;HF_121;3514
2021;TOTAL;HP_6;HF_23;2178
2022;TOTAL;HP_6;HF_121;2199
2023;TOTAL;HP_6;HF_11;419
2023;TOTAL;HP_6;HF_121;1568
2021;TOTAL;HP_11;HF_121;86856
2021;TOTAL;HP_11;HF_122;1329
2021;TOTAL;HP_11;HF_21;2086
2021;TOTAL;HP_11;HF_31;158
2021;TOTAL;HP_11;HF_32;2244
2021;TOTAL;HP_13;HF_21;85
2021;TOTAL;HP_21;HF_32;12513
2021;TOTAL;HP_32;HF_11;9
2021;TOTAL;HP_32;HF_122;3367
2021;TOTAL;HP_33;HF_121;18574
2021;TOTAL;HP_33;HF_122;1066
2021;TOTAL;HP_34;HF_121;3352
2021;TOTAL;HP_34;HF_31;62
2021;TOTAL;HP_34;HF_32;237
2021;TOTAL;HP_35;HF_32;236
2021;TOTAL;HP_41;HF_11;15
2021;TOTAL;HP_42;HF_121;10974
2021;TOTAL;HP_51;HF_122;1837
2021;TOTAL;HP_71;HF_11;1126
2021;TOTAL;HP_73;HF_122;3511
2021;TOTAL;HP_81;HF_11;0
2021;TOTAL;HP_81;HF_121;68
2021;TOTAL;HP_81;HF_122;1
2021;TOTAL;HP_81;HF_21;1
2021;TOTAL;HP_82;HF_122;32
2021;TOTAL;HP_82;HF_21;54
2021;TOTAL;HP_82;HF_32;38
2022;TOTAL;HP_12;HF_21;197
2022;TOTAL;HP_13;HF_11;5
2022;TOTAL;HP_13;HF_122;91
2022;TOTAL;HP_13;HF_32;215
2022;TOTAL;HP_21;HF_11;766
2022;TOTAL;HP_21;HF_121;21874
2022;TOTAL;HP_21;HF_32;12878
2022;TOTAL;HP_31;HF_121;15768
2022;TOTAL;HP_31;HF_31;56
2022;TOTAL;HP_32;HF_11;10
2022;TOTAL;HP_32;HF_122;3340
2022;TOTAL;HP_33;HF_11;53
2022;TOTAL;HP_33;HF_122;1150
2022;TOTAL;HP_33;HF_31;2264
2022;TOTAL;HP_34;HF_11;943
2022;TOTAL;HP_34;HF_121;3622
2022;TOTAL;HP_34;HF_122;464
2022;TOTAL;HP_35;HF_11;4100
2022;TOTAL;HP_35;HF_121;180
2022;TOTAL;HP_35;HF_32;309
2022;TOTAL;HP_41;HF_21;57
2022;TOTAL;HP_41;HF_32;63
2022;TOTAL;HP_42;HF_122;931
2022;TOTAL;HP_51;HF_21;2347
2022;TOTAL;HP_52;HF_11;5
2022;TOTAL;HP_52;HF_122;3878
2022;TOTAL;HP_59;HF_32;141
2022;TOTAL;HP_73;HF_122;3559
2022;TOTAL;HP_81;HF_121;68
2022;TOTAL;HP_81;HF_21;1
2022;TOTAL;HP_82;HF_11;644
2022;TOTAL;HP_82;HF_121;2506
2023;TOTAL;HP_11;HF_11;1179
2023;TOTAL;HP_11;HF_121;95608
2023;TOTAL;HP_12;HF_122;147
2023;TOTAL;HP_12;HF_21;227
2023;TOTAL;HP_12;HF_32;113
2023;TOTAL;HP_13;HF_11;6
2023;TOTAL;HP_13;HF_121;2361
2023;TOTAL;HP_21;HF_121;23392
2023;TOTAL;HP_22;HF_121;1809
2023;TOTAL;HP_31;HF_121;15965
2023;TOTAL;HP_32;HF_122;3571
2023;TOTAL;HP_32;HF_21;2334
2023;TOTAL;HP_32;HF_31;646
2023;TOTAL;HP_32;HF_32;1492
2023;TOTAL;HP_33;HF_121;18950
2023;TOTAL;HP_34;HF_21;405
2023;TOTAL;HP_34;HF_31;72
2023;TOTAL;HP_34;HF_32;358
2023;TOTAL;HP_35;HF_11;5161
2023;TOTAL;HP_35;HF_121;201
2023;TOTAL;HP_41;HF_11;18
2023;TOTAL;HP_41;HF_21;48
2023;TOTAL;HP_51;HF_21;2394
2023;TOTAL;HP_51;HF_31;3320
2023;TOTAL;HP_59;HF_11;14
2023;TOTAL;HP_73;HF_122;3725
2023;TOTAL;HP_82;HF_122;43
2023;TOTAL;HP_82;HF_31;65
2023;TOTAL;HP_82;HF_32;53
2024;TOTAL;HP_11;HF_122;1831
2024;TOTAL;HP_11;HF_31;298
2024;TOTAL;HP_12;HF_11;168
2024;TOTAL;HP_12;HF_32;124
2024;TOTAL;HP_31;HF_11;130
2024;TOTAL;HP_31;HF_121;16279
2024;TOTAL;HP_31;HF_21;1699
2024;TOTAL;HP_32;HF_11;14
2024;TOTAL;HP_32;HF_122;3854
2024;TOTAL;HP_33;HF_11;63
2024;TOTAL;HP_33;HF_121;19607
2024;TOTAL;HP_33;HF_32;1286
2024;TOTAL;HP_34;HF_121;3989
2024;TOTAL;HP_34;HF_31;72
2024;TOTAL;HP_35;HF_11;5564
2024;TOTAL;HP_35;HF_32;504
2024;TOTAL;HP_41;HF_11;19
2024;TOTAL;HP_41;HF_121;3410
2024;TOTAL;HP_42;HF_121;7736
2024;TOTAL;HP_42;HF_32;679
2024;TOTAL;HP_51;HF_31;3424
2024;TOTAL;HP_52;HF_121;1387
2024;TOTAL;HP_59;HF_32;144
2024;TOTAL;HP_81;HF_11;0
2024;TOTAL;HP_81;HF_121;74
2024;TOTAL;HP_81;HF_122;1
2024;TOTAL;HP_81;HF_21;1
2024;TOTAL;HP_82;HF_11;723
2024;TOTAL;HP_82;HF_21;79
2024;TOTAL;HP_82;HF_32;57
2023;TOTAL;TOTAL;TOTAL;320983
2024;TOTAL;TOTAL;TOTAL;332640
2021;HC_14;TOTAL;TOTAL;11751
2021;HC_22;TOTAL;TOTAL;1003
2021;HC_23;TOTAL;TOTAL;9846
2021;HC_24;TOTAL;TOTAL;0
2021;HC_34;TOTAL;TOTAL;7639
2021;HC_512;TOTAL;TOTAL;2355
2021;HC_52;TOTAL;TOTAL;19432
2021;HC_63;TOTAL;TOTAL;7029
2021;HC_65;TOTAL;TOTAL;257
2021;HC_66;TOTAL;TOTAL;487
2022;HC_131;TOTAL;TOTAL;16231
2022;HC_132;TOTAL;TOTAL;14293
2022;HC_41;TOTAL;TOTAL;4914
2022;HC_512;TOTAL;TOTAL;2598
2022;HC_513;TOTAL;TOTAL;3432
2022;HC_71;TOTAL;TOTAL;1111
2023;HC_12;TOTAL;TOTAL;12792
2023;HC_131;TOTAL;TOTAL;16967
2023;HC_21;TOTAL;TOTAL;10053
2023;HC_33;TOTAL;TOTAL;1600
2023;HC_34;TOTAL;TOTAL;9811
2023;HC_41;TOTAL;TOTAL;5038
2023;HC_511;TOTAL;TOTAL;41786
2023;HC_61;TOTAL;TOTAL;1254
2023;HC_64;TOTAL;TOTAL;4472
2023;HC_65;TOTAL;TOTAL;318
2023;HC_71;TOTAL;TOTAL;1129
2024;HC_11;TOTAL;TOTAL;54217
2024;HC_12;TOTAL;TOTAL;13319
2024;HC_131;TOTAL;TOTAL;17540
2024;HC_23;TOTAL;TOTAL;11951
2024;HC_24;TOTAL;TOTAL;0
2024;HC_31;TOTAL;TOTAL;40077
2024;HC_32;TOTAL;TOTAL;107
2024;HC_41;TOTAL;TOTAL;4980
2024;HC_42;TOTAL;TOTAL;5919
2024;HC_43;TOTAL;TOTAL;6863
2024;HC_513;TOTAL;TOTAL;3243
2024;HC_61;TOTAL;TOTAL;1315
2024;HC_72;TOTAL;TOTAL;15734
2021;HC_11;TOTAL;HF_21;1308
2021;HC_12;TOTAL;HF_121;10173
2021;HC_12;TOTAL;HF_122;85
2021;HC_12;TOTAL;HF_21;158
2021;HC_14;TOTAL;HF_11;52
2021;HC_14;TOTAL;HF_122;217
2021;HC_14;TOTAL;HF_32;123
2021;HC_22;TOTAL;HF_121;942
2021;HC_22;TOTAL;HF_122;9
2021;HC_22;TOTAL;HF_21;17
2021;HC_22;TOTAL;HF_32;16
2021;HC_23;TOTAL;HF_11;19
2021;HC_23;TOTAL;HF_21;654
2021;HC_23;TOTAL;HF_31;2093
2021;HC_24;TOTAL;HF_121;0
2021;HC_24;TOTAL;HF_32;0
2021;HC_31;TOTAL;HF_121;22512
2021;HC_31;TOTAL;HF_32;12616
2021;HC_41;TOTAL;HF_32;332
2021;HC_42;TOTAL;HF_32;340
2021;HC_52;TOTAL;HF_121;9121
2021;HC_52;TOTAL;HF_31;373
2021;HC_61;TOTAL;HF_32;0
2021;HC_62;TOTAL;HF_121;4066
2021;HC_62;TOTAL;HF_122;72
2021;HC_63;TOTAL;HF_32;177
2021;HC_64;TOTAL;HF_11;900
2021;HC_64;TOTAL;HF_121;1220
2021;HC_64;TOTAL;HF_122;0
2021;HC_64;TOTAL;HF_23;2162
2021;HC_64;TOTAL;HF_32;22
2021;HC_65;TOTAL;HF_121;218
2021;HC_65;TOTAL;HF_122;0
2021;HC_65;TOTAL;HF_21;0
2021;HC_66;TOTAL;HF_11;228
2021;HC_71;TOTAL;HF_11;1126
2022;HC_12;TOTAL;HF_21;151
2022;HC_12;TOTAL;HF_32;126
2022;HC_14;TOTAL;HF_121;11197
2022;HC_14;TOTAL;HF_32;127
2022;HC_21;TOTAL;HF_32;137
2022;HC_22;TOTAL;HF_21;19
2022;HC_23;TOTAL;HF_11;21
2022;HC_23;TOTAL;HF_121;5860
2022;HC_31;TOTAL;HF_11;774
2022;HC_31;TOTAL;HF_32;12994
2022;HC_33;TOTAL;HF_121;1536
2022;HC_34;TOTAL;HF_11;4100
2022;HC_41;TOTAL;HF_11;28
2022;HC_41;TOTAL;HF_121;3561
2022;HC_41;TOTAL;HF_122;572
2022;HC_41;TOTAL;HF_21;477
2022;HC_42;TOTAL;HF_21;260
2022;HC_43;TOTAL;HF_11;26
2022;HC_43;TOTAL;HF_121;5698
2022;HC_52;TOTAL;HF_11;57
2022;HC_52;TOTAL;HF_121;9484
2022;HC_52;TOTAL;HF_31;325
2022;HC_62;TOTAL;HF_121;2077
2022;HC_62;TOTAL;HF_122;94
2022;HC_63;TOTAL;HF_121;4594
2022;HC_63;TOTAL;HF_21;41
2022;HC_63;TOTAL;HF_32;159
2022;HC_64;TOTAL;HF_11;909
2022;HC_64;TOTAL;HF_122;0
2022;HC_64;TOTAL;HF_23;2254
2022;HC_65;TOTAL;HF_121;257
2022;HC_65;TOTAL;HF_122;0
2022;HC_66;TOTAL;HF_11;124
2022;HC_72;TOTAL;HF_121;6729
2023;HC_11;TOTAL;HF_11;746
2023;HC_11;TOTAL;HF_31;193
2023;HC_14;TOTAL;HF_11;54
2023;HC_14;TOTAL;HF_121;11450
2023;HC_14;TOTAL;HF_122;272
2023;HC_22;TOTAL;HF_32;11
2023;HC_23;TOTAL;HF_122;802
2023;HC_23;TOTAL;HF_21;752
2023;HC_23;TOTAL;HF_31;2413
2023;HC_23;TOTAL;HF_32;844
2023;HC_24;TOTAL;HF_11;0
2023;HC_24;TOTAL;HF_32;0
2023;HC_31;TOTAL;HF_11;807
2023;HC_31;TOTAL;HF_21;10
2023;HC_33;TOTAL;HF_121;1600
2023;HC_34;TOTAL;HF_121;4075
2023;HC_34;TOTAL;HF_122;13
2023;HC_42;TOTAL;HF_21;279
2023;HC_43;TOTAL;HF_21;115
2023;HC_52;TOTAL;HF_11;64
2023;HC_52;TOTAL;HF_21;2745
2023;HC_52;TOTAL;HF_31;321
2023;HC_61;TOTAL;HF_121;310
2023;HC_62;TOTAL;HF_122;116
2023;HC_62;TOTAL;HF_21;129
2023;HC_63;TOTAL;HF_121;797
2023;HC_63;TOTAL;HF_122;0
2023;HC_63;TOTAL;HF_32;23
2023;HC_64;TOTAL;HF_11;1004
2023;HC_64;TOTAL;HF_122;0
2023;HC_64;TOTAL;HF_21;0
2023;HC_64;TOTAL;HF_32;28
2023;HC_65;TOTAL;HF_121;278
2023;HC_65;TOTAL;HF_122;0
2023;HC_71;TOTAL;HF_11;1129
2023;HC_72;TOTAL;HF_122;3725
2024;HC_12;TOTAL;HF_32;102
2024;HC_14;TOTAL;HF_121;11644
2024;HC_14;TOTAL;HF_21;384
2024;HC_21;TOTAL;HF_11;108
2024;HC_21;TOTAL;HF_32;31
2024;HC_22;TOTAL;HF_11;18
2024;HC_22;TOTAL;HF_21;24
2024;HC_23;TOTAL;HF_11;26
2024;HC_23;TOTAL;HF_122;863
2024;HC_23;TOTAL;HF_21;810
2024;HC_23;TOTAL;HF_31;2601
2024;HC_31;TOTAL;HF_122;49
2024;HC_34;TOTAL;HF_32;543
2024;HC_41;TOTAL;HF_32;236
2024;HC_42;TOTAL;HF_122;486
2024;HC_43;TOTAL;HF_122;97
2024;HC_52;TOTAL;HF_31;272
2024;HC_61;TOTAL;HF_11;970
2024;HC_61;TOTAL;HF_121;345
2024;HC_62;TOTAL;HF_121;1130
2024;HC_62;TOTAL;HF_32;41
2024;HC_63;TOTAL;HF_11;46
2024;HC_63;TOTAL;HF_121;549
2024;HC_63;TOTAL;HF_122;0
2024;HC_64;TOTAL;HF_21;0
2024;HC_65;TOTAL;HF_11;18
2024;HC_66;TOTAL;HF_11;178
2021;HC_11;HP_11;TOTAL;41099
2021;HC_11;HP_13;TOTAL;862
2021;HC_14;HP_11;TOTAL;1579
2021;HC_14;HP_12;TOTAL;37
2021;HC_14;HP_13;TOTAL;9
2021;HC_21;HP_11;TOTAL;9044
2021;HC_21;HP_13;TOTAL;245
2021;HC_22;HP_11;TOTAL;1003
2021;HC_23;HP_11;TOTAL;383
2021;HC_23;HP_13;TOTAL;4
2021;HC_23;HP_33;TOTAL;9386
2021;HC_23;HP_34;TOTAL;73
2021;HC_24;HP_33;TOTAL;0
2021;HC_41;HP_11;TOTAL;384
2021;HC_41;HP_42;TOTAL;4619
2021;HC_42;HP_13;TOTAL;1
2021;HC_42;HP_42;TOTAL;4370
2021;HC_52;HP_13;TOTAL;128
2021;HC_61;HP_34;TOTAL;141
2021;HC_62;HP_13;TOTAL;0
2021;HC_62;HP_31;TOTAL;833
2021;HC_62;HP_33;TOTAL;476
2021;HC_62;HP_42;TOTAL;0
2021;HC_62;HP_59;TOTAL;0
2021;HC_63;HP_33;TOTAL;381
2021;HC_63;HP_42;TOTAL;4371
2021;HC_64;HP_12;TOTAL;0
2021;HC_64;HP_32;TOTAL;222
2021;HC_64;HP_34;TOTAL;848
2021;HC_64;HP_51;TOTAL;0
2021;HC_64;HP_82;TOTAL;35
2021;HC_65;HP_11;TOTAL;0
2021;HC_65;HP_31;TOTAL;0
2021;HC_72;HP_72;TOTAL;6590
2021;HC_72;HP_73;TOTAL;7692
2022;HC_11;HP_13;TOTAL;862
2022;HC_12;HP_13;TOTAL;201
2022;HC_14;HP_13;TOTAL;8
2022;HC_14;HP_31;TOTAL;862
2022;HC_14;HP_33;TOTAL;9088
2022;HC_14;HP_34;TOTAL;300
2022;HC_23;HP_11;TOTAL;404
2022;HC_31;HP_11;TOTAL;1410
2022;HC_31;HP_21;TOTAL;35416
2022;HC_31;HP_22;TOTAL;209
2022;HC_32;HP_21;TOTAL;102
2022;HC_34;HP_33;TOTAL;3787
2022;HC_41;HP_11;TOTAL;327
2022;HC_41;HP_34;TOTAL;21
2022;HC_41;HP_42;TOTAL;4546
2022;HC_42;HP_12;TOTAL;0
2022;HC_42;HP_13;TOTAL;1
2022;HC_42;HP_31;TOTAL;108
2022;HC_42;HP_32;TOTAL;357
2022;HC_42;HP_34;TOTAL;75
2022;HC_43;HP_41;TOTAL;3297
2022;HC_43;HP_81;TOTAL;72
2022;HC_52;HP_51;TOTAL;2033
2022;HC_61;HP_34;TOTAL;156
2022;HC_61;HP_51;TOTAL;30
2022;HC_62;HP_32;TOTAL;1
2022;HC_62;HP_51;TOTAL;980
2022;HC_62;HP_6;TOTAL;829
2022;HC_63;HP_33;TOTAL;289
2022;HC_63;HP_51;TOTAL;2037
2022;HC_64;HP_31;TOTAL;214
2022;HC_64;HP_32;TOTAL;208
2022;HC_64;HP_33;TOTAL;4
2022;HC_64;HP_34;TOTAL;864
2022;HC_64;HP_59;TOTAL;0
2022;HC_64;HP_82;TOTAL;37
2022;HC_65;HP_51;TOTAL;2
2022;HC_65;HP_6;TOTAL;296
2023;HC_11;HP_13;TOTAL;906
2023;HC_12;HP_12;TOTAL;2
2023;HC_14;HP_11;TOTAL;1828
2023;HC_14;HP_12;TOTAL;43
2023;HC_14;HP_34;TOTAL;342
2023;HC_21;HP_11;TOTAL;9688
2023;HC_22;HP_11;TOTAL;1343
2023;HC_23;HP_34;TOTAL;104
2023;HC_31;HP_11;TOTAL;1488
2023;HC_34;HP_33;TOTAL;3945
2023;HC_41;HP_42;TOTAL;4710
2023;HC_42;HP_12;TOTAL;0
2023;HC_42;HP_34;TOTAL;88
2023;HC_43;HP_41;TOTAL;3610
2023;HC_43;HP_81;TOTAL;74
2023;HC_43;HP_82;TOTAL;3027
2023;HC_61;HP_51;TOTAL;27
2023;HC_62;HP_51;TOTAL;1067
2023;HC_62;HP_59;TOTAL;0
2023;HC_62;HP_6;TOTAL;230
2023;HC_63;HP_31;TOTAL;159
2023;HC_63;HP_33;TOTAL;15
2023;HC_63;HP_6;TOTAL;16
2023;HC_64;HP_11;TOTAL;0
2023;HC_64;HP_31;TOTAL;234
2023;HC_64;HP_32;TOTAL;215
2023;HC_64;HP_42;TOTAL;0
2023;HC_65;HP_51;TOTAL;1
2023;HC_65;HP_6;TOTAL;317
2023;HC_72;HP_73;TOTAL;8263
2024;HC_12;HP_12;TOTAL;2
2024;HC_12;HP_13;TOTAL;219
2024;HC_14;HP_13;TOTAL;10
2024;HC_14;HP_31;TOTAL;792
2024;HC_14;HP_34;TOTAL;388
2024;HC_21;HP_11;TOTAL;10367
2024;HC_21;HP_13;TOTAL;416
2024;HC_23;HP_11;TOTAL;519
2024;HC_23;HP_33;TOTAL;11319
2024;HC_23;HP_34;TOTAL;104
2024;HC_32;HP_21;TOTAL;107
2024;HC_33;HP_22;TOTAL;1668
2024;HC_34;HP_35;TOTAL;6278
2024;HC_41;HP_11;TOTAL;279
2024;HC_41;HP_13;TOTAL;16
2024;HC_41;HP_42;TOTAL;4675
2024;HC_42;HP_11;TOTAL;12
2024;HC_42;HP_31;TOTAL;136
2024;HC_52;HP_13;TOTAL;157
2024;HC_61;HP_34;TOTAL;182
2024;HC_61;HP_6;TOTAL;434
2024;HC_62;HP_31;TOTAL;104
2024;HC_62;HP_32;TOTAL;0
2024;HC_62;HP_33;TOTAL;9
2024;HC_62;HP_6;TOTAL;226
2024;HC_63;HP_33;TOTAL;3
2024;HC_63;HP_51;TOTAL;92
2024;HC_64;HP_31;TOTAL;222
2024;HC_64;HP_32;TOTAL;242
2024;HC_64;HP_34;TOTAL;1024
2024;HC_64;HP_42;TOTAL;0
2024;HC_64;HP_51;TOTAL;0
2024;HC_64;HP_82;TOTAL;40
2024;HC_65;HP_51;TOTAL;0
2024;HC_66;HP_6;TOTAL;263
2021;HC_131;TOTAL;HF_121;12032
2021;HC_132;TOTAL;HF_11;19
2021;HC_132;TOTAL;HF_121;5340
2021;HC_132;TOTAL;HF_21;2654
2021;HC_133;TOTAL;HF_121;18335
2021;HC_133;TOTAL;HF_122;1467
2021;HC_133;TOTAL;HF_32;1364
2021;HC_511;TOTAL;HF_122;1460
2021;HC_512;TOTAL;HF_21;37
2021;HC_512;TOTAL;HF_31;2291
2021;HC_513;TOTAL;HF_121;2332
2021;HC_513;TOTAL;HF_122;86
2021;HC_513;TOTAL;HF_32;98
2022;HC_131;TOTAL;HF_21;934
2022;HC_131;TOTAL;HF_32;1455
2022;HC_132;TOTAL;HF_31;733
2022;HC_511;TOTAL;HF_11;228
2022;HC_511;TOTAL;HF_21;1760
2022;HC_511;TOTAL;HF_31;220
2022;HC_512;TOTAL;HF_121;0
2022;HC_512;TOTAL;HF_31;2441
2022;HC_513;TOTAL;HF_11;15
2022;HC_513;TOTAL;HF_122;96
2022;HC_513;TOTAL;HF_21;199
2023;HC_131;TOTAL;HF_11;56
2023;HC_131;TOTAL;HF_122;1177
2023;HC_132;TOTAL;HF_21;2697
2023;HC_133;TOTAL;HF_21;1367
2023;HC_133;TOTAL;HF_32;1532
2023;HC_511;TOTAL;HF_121;36448
2023;HC_511;TOTAL;HF_31;235
2023;HC_512;TOTAL;HF_21;35
2023;HC_513;TOTAL;HF_11;16
2023;HC_513;TOTAL;HF_21;225
2024;HC_131;TOTAL;HF_121;13229
2024;HC_132;TOTAL;HF_11;31
2024;HC_132;TOTAL;HF_21;2940
2024;HC_132;TOTAL;HF_31;700
2024;HC_133;TOTAL;HF_21;1458
2024;HC_511;TOTAL;HF_11;274
2024;HC_511;TOTAL;HF_122;1785
2024;HC_513;TOTAL;HF_32;89
2021;HC_131;HP_33;TOTAL;485
2021;HC_132;HP_34;TOTAL;1906
2021;HC_511;HP_11;TOTAL;11995
2021;HC_511;HP_13;TOTAL;120
2021;HC_512;HP_51;TOTAL;2355
2021;HC_513;HP_33;TOTAL;0
2021;HC_513;HP_59;TOTAL;234
2022;HC_132;HP_31;TOTAL;93
2022;HC_133;HP_12;TOTAL;2340
2022;HC_511;HP_11;TOTAL;12490
2022;HC_511;HP_51;TOTAL;27590
2022;HC_512;HP_51;TOTAL;2598
2022;HC_513;HP_51;TOTAL;3183
2022;HC_513;HP_59;TOTAL;246
2023;HC_131;HP_11;TOTAL;5499
2023;HC_131;HP_13;TOTAL;940
2023;HC_132;HP_34;TOTAL;2307
2023;HC_133;HP_13;TOTAL;127
2023;HC_133;HP_33;TOTAL;269
2023;HC_513;HP_33;TOTAL;0
2023;HC_513;HP_51;TOTAL;2884
2023;HC_513;HP_52;TOTAL;3
2024;HC_131;HP_31;TOTAL;10051
2024;HC_131;HP_33;TOTAL;644
2024;HC_132;HP_32;TOTAL;12805
2024;HC_132;HP_34;TOTAL;2401
2024;HC_133;HP_13;TOTAL;124
2024;HC_133;HP_31;TOTAL;11015
2024;HC_133;HP_33;TOTAL;273
2024;HC_512;HP_51;TOTAL;2771
2024;HC_513;HP_33;TOTAL;0
2022;TOTAL;TOTAL;HF_11;9608
2022;TOTAL;TOTAL;HF_121;229190
2022;TOTAL;TOTAL;HF_21;17713
2023;TOTAL;TOTAL;HF_23;2234
2023;TOTAL;TOTAL;HF_32;25824
2024;TOTAL;TOTAL;HF_11;11688
2024;TOTAL;TOTAL;HF_21;19432
2021;TOTAL;HP_13;TOTAL;2452
2021;TOTAL;HP_31;TOTAL;20869
2021;TOTAL;HP_33;TOTAL;23875
2021;TOTAL;HP_34;TOTAL;5378
2021;TOTAL;HP_35;TOTAL;4006
2021;TOTAL;HP_41;TOTAL;3096
2021;TOTAL;HP_59;TOTAL;4455
2021;TOTAL;HP_73;TOTAL;7692
2021;TOTAL;HP_81;TOTAL;72
2022;TOTAL;HP_21;TOTAL;35518
2022;TOTAL;HP_32;TOTAL;12685
2022;TOTAL;HP_33;TOTAL;24246
2022;TOTAL;HP_35;TOTAL;4588
2022;TOTAL;HP_41;TOTAL;3297
2022;TOTAL;HP_52;TOTAL;10062
2022;TOTAL;HP_71;TOTAL;1111
2022;TOTAL;HP_73;TOTAL;7905
2022;TOTAL;HP_82;TOTAL;3346
2023;TOTAL;HP_31;TOTAL;21684
2023;TOTAL;HP_32;TOTAL;13123
2023;TOTAL;HP_41;TOTAL;3610
2023;TOTAL;HP_42;TOTAL;10124
2023;TOTAL;HP_51;TOTAL;37064
2023;TOTAL;HP_52;TOTAL;10556
2023;TOTAL;HP_72;TOTAL;6728
2023;TOTAL;HP_73;TOTAL;8263
2024;TOTAL;HP_31;TOTAL;22523
2024;TOTAL;HP_33;TOTAL;26227
2024;TOTAL;HP_34;TOTAL;6619
2024;TOTAL;HP_35;TOTAL;6278
2024;TOTAL;HP_41;TOTAL;3609
2024;TOTAL;HP_51;TOTAL;38709
2024;TOTAL;HP_59;TOTAL;5225
2024;TOTAL;HP_6;TOTAL;4453
2024;TOTAL;HP_72;TOTAL;6990
2024;TOTAL;HP_73;TOTAL;8744
2021;TOTAL;HP_6;HF_21;0
2022;TOTAL;HP_6;HF_11;383
2022;TOTAL;HP_6;HF_23;2271
2023;TOTAL;HP_6;HF_23;2234
2024;TOTAL;HP_6;HF_11;451
2024;TOTAL;HP_6;HF_121;1758
2024;TOTAL;HP_6;HF_23;2244
2021;TOTAL;HP_12;HF_11;208
2021;TOTAL;HP_12;HF_21;215
2021;TOTAL;HP_12;HF_32;166
2021;TOTAL;HP_13;HF_11;5
2021;TOTAL;HP_21;HF_11;750
2021;TOTAL;HP_31;HF_121;15595
2021;TOTAL;HP_31;HF_21;1550
2021;TOTAL;HP_32;HF_121;4810
2021;TOTAL;HP_32;HF_21;2335
2021;TOTAL;HP_33;HF_21;1149
2021;TOTAL;HP_33;HF_31;2131
2021;TOTAL;HP_33;HF_32;906
2021;TOTAL;HP_34;HF_21;346
2021;TOTAL;HP_41;HF_122;32
2021;TOTAL;HP_42;HF_32;636
2021;TOTAL;HP_51;HF_21;2246
2021;TOTAL;HP_51;HF_31;3224
2021;TOTAL;HP_52;HF_121;1195
2021;TOTAL;HP_52;HF_21;2223
2021;TOTAL;HP_59;HF_11;12
2021;TOTAL;HP_59;HF_21;287
2021;TOTAL;HP_72;HF_121;6590
2021;TOTAL;HP_73;HF_21;4181
2021;TOTAL;HP_82;HF_11;637
2022;TOTAL;HP_11;HF_121;90449
2022;TOTAL;HP_11;HF_122;1561
2022;TOTAL;HP_11;HF_21;2038
2022;TOTAL;HP_11;HF_31;169
2022;TOTAL;HP_11;HF_32;2218
2022;TOTAL;HP_12;HF_121;12063
2022;TOTAL;HP_12;HF_122;132
2022;TOTAL;HP_13;HF_21;97
2022;TOTAL;HP_22;HF_121;1745
2022;TOTAL;HP_32;HF_21;2297
2022;TOTAL;HP_32;HF_31;664
2022;TOTAL;HP_32;HF_32;1457
2022;TOTAL;HP_33;HF_121;18650
2022;TOTAL;HP_33;HF_32;957
2022;TOTAL;HP_34;HF_21;368
2022;TOTAL;HP_34;HF_31;69
2022;TOTAL;HP_41;HF_121;3124
2022;TOTAL;HP_42;HF_32;622
2022;TOTAL;HP_51;HF_11;159
2022;TOTAL;HP_52;HF_121;1258
2022;TOTAL;HP_52;HF_21;2173
2022;TOTAL;HP_52;HF_32;2507
2022;TOTAL;HP_59;HF_121;3946
2022;TOTAL;HP_59;HF_21;265
2022;TOTAL;HP_72;HF_121;6729
2022;TOTAL;HP_81;HF_11;0
2022;TOTAL;HP_81;HF_122;1
2022;TOTAL;HP_81;HF_32;2
2022;TOTAL;HP_82;HF_31;52
2022;TOTAL;HP_82;HF_32;38
2023;TOTAL;HP_11;HF_21;2297
2023;TOTAL;HP_11;HF_31;193
2023;TOTAL;HP_11;HF_32;2005
2023;TOTAL;HP_12;HF_121;12981
2023;TOTAL;HP_13;HF_122;85
2023;TOTAL;HP_21;HF_32;13200
2023;TOTAL;HP_31;HF_11;138
2023;TOTAL;HP_31;HF_21;1576
2023;TOTAL;HP_31;HF_31;59
2023;TOTAL;HP_32;HF_121;5068
2023;TOTAL;HP_33;HF_11;58
2023;TOTAL;HP_33;HF_122;1275
2023;TOTAL;HP_33;HF_21;1242
2023;TOTAL;HP_33;HF_31;2446
2023;TOTAL;HP_33;HF_32;1104
2023;TOTAL;HP_41;HF_32;77
2023;TOTAL;HP_42;HF_32;562
2023;TOTAL;HP_51;HF_11;170
2023;TOTAL;HP_51;HF_122;2127
2023;TOTAL;HP_52;HF_121;1342
2023;TOTAL;HP_52;HF_31;202
2023;TOTAL;HP_52;HF_32;2570
2023;TOTAL;HP_59;HF_121;4208
2023;TOTAL;HP_59;HF_21;285
2023;TOTAL;HP_72;HF_121;6728
2023;TOTAL;HP_81;HF_122;1
2023;TOTAL;HP_81;HF_21;1
2023;TOTAL;HP_81;HF_32;2
2023;TOTAL;HP_82;HF_11;701
2023;TOTAL;HP_82;HF_21;66
2024;TOTAL;HP_11;HF_11;1140
2024;TOTAL;HP_11;HF_121;98469
2024;TOTAL;HP_12;HF_122;158
2024;TOTAL;HP_13;HF_11;6
2024;TOTAL;HP_13;HF_121;2434
2024;TOTAL;HP_13;HF_32;314
2024;TOTAL;HP_21;HF_11;817
2024;TOTAL;HP_31;HF_32;2069
2024;TOTAL;HP_32;HF_121;4989
2024;TOTAL;HP_32;HF_32;1415
2024;TOTAL;HP_33;HF_21;1326
2024;TOTAL;HP_34;HF_122;641
2024;TOTAL;HP_42;HF_21;783
2024;TOTAL;HP_51;HF_11;184
2024;TOTAL;HP_51;HF_121;28704
2024;TOTAL;HP_51;HF_122;2257
2024;TOTAL;HP_51;HF_21;2451
2024;TOTAL;HP_51;HF_32;1688
2024;TOTAL;HP_52;HF_11;7
2024;TOTAL;HP_52;HF_31;163
2024;TOTAL;HP_52;HF_32;2643
2024;TOTAL;HP_59;HF_122;226
2024;TOTAL;HP_59;HF_21;299
2024;TOTAL;HP_72;HF_121;6990
2024;TOTAL;HP_73;HF_122;3994
2024;TOTAL;HP_82;HF_122;55
2021;TOTAL;TOTAL;TOTAL;302969
2021;HC_131;TOTAL;TOTAL;15518
2021;HC_133;TOTAL;TOTAL;22657
2021;HC_21;TOTAL;TOTAL;9289
2021;HC_31;TOTAL;TOTAL;35916
2021;HC_42;TOTAL;TOTAL;4895
2021;HC_43;TOTAL;TOTAL;5650
2021;HC_511;TOTAL;TOTAL;38189
2021;HC_513;TOTAL;TOTAL;3365
2021;HC_61;TOTAL;TOTAL;1104
2021;HC_62;TOTAL;TOTAL;4274
2021;HC_64;TOTAL;TOTAL;4304
2021;HC_71;TOTAL;TOTAL;1126
2022;HC_21;TOTAL;TOTAL;9577
2022;HC_22;TOTAL;TOTAL;1161
2022;HC_23;TOTAL;TOTAL;10287
2022;HC_24;TOTAL;TOTAL;0
2022;HC_31;TOTAL;TOTAL;37035
2022;HC_32;TOTAL;TOTAL;102
2022;HC_33;TOTAL;TOTAL;1536
2022;HC_34;TOTAL;TOTAL;8375
2022;HC_42;TOTAL;TOTAL;5127
2022;HC_511;TOTAL;TOTAL;40197
2022;HC_62;TOTAL;TOTAL;2323
2022;HC_63;TOTAL;TOTAL;4889
2023;HC_11;TOTAL;TOTAL;54160
2023;HC_133;TOTAL;TOTAL;26402
2023;HC_14;TOTAL;TOTAL;12351
2023;HC_24;TOTAL;TOTAL;0
2023;HC_31;TOTAL;TOTAL;38982
2023;HC_32;TOTAL;TOTAL;104
2023;HC_42;TOTAL;TOTAL;5519
2023;HC_43;TOTAL;TOTAL;6711
2023;HC_512;TOTAL;TOTAL;2652
2023;HC_52;TOTAL;TOTAL;20816
2023;HC_63;TOTAL;TOTAL;864
2024;HC_512;TOTAL;TOTAL;2771
2024;HC_62;TOTAL;TOTAL;1494
2024;HC_63;TOTAL;TOTAL;608
2024;HC_64;TOTAL;TOTAL;4719
2024;HC_65;TOTAL;TOTAL;331
2024;HC_66;TOTAL;TOTAL;263
2024;HC_71;TOTAL;TOTAL;1171
2021;HC_11;TOTAL;HF_11;937
2021;HC_11;TOTAL;HF_121;47479
2021;HC_11;TOTAL;HF_122;710
2021;HC_11;TOTAL;HF_31;158
2021;HC_11;TOTAL;HF_32;1010
2021;HC_12;TOTAL;HF_11;168
2021;HC_14;TOTAL;HF_121;11018
2021;HC_14;TOTAL;HF_21;342
2021;HC_21;TOTAL;HF_122;151
2021;HC_21;TOTAL;HF_21;259
2021;HC_21;TOTAL;HF_32;138
2021;HC_22;TOTAL;HF_11;19
2021;HC_23;TOTAL;HF_121;5659
2021;HC_23;TOTAL;HF_122;670
2021;HC_24;TOTAL;HF_11;0
2021;HC_24;TOTAL;HF_21;0
2021;HC_31;TOTAL;HF_122;18
2021;HC_31;TOTAL;HF_21;11
2021;HC_33;TOTAL;HF_121;1238
2021;HC_34;TOTAL;HF_121;3718
2021;HC_34;TOTAL;HF_32;277
2021;HC_41;TOTAL;HF_121;3657
2021;HC_41;TOTAL;HF_21;483
2021;HC_42;TOTAL;HF_11;16
2021;HC_42;TOTAL;HF_121;3906
2021;HC_42;TOTAL;HF_21;251
2021;HC_43;TOTAL;HF_11;24
2021;HC_43;TOTAL;HF_121;5274
2021;HC_43;TOTAL;HF_122;65
2021;HC_43;TOTAL;HF_21;109
2021;HC_52;TOTAL;HF_122;4023
2021;HC_52;TOTAL;HF_32;2972
2021;HC_61;TOTAL;HF_11;837
2021;HC_61;TOTAL;HF_122;1
2021;HC_61;TOTAL;HF_21;2
2021;HC_62;TOTAL;HF_11;52
2021;HC_62;TOTAL;HF_21;85
2021;HC_63;TOTAL;HF_11;50
2021;HC_63;TOTAL;HF_21;57
2021;HC_64;TOTAL;HF_21;0
2021;HC_65;TOTAL;HF_11;23
2021;HC_65;TOTAL;HF_23;16
2022;HC_11;TOTAL;HF_11;685
2022;HC_11;TOTAL;HF_122;849
2022;HC_12;TOTAL;HF_11;133
2022;HC_12;TOTAL;HF_122;101
2022;HC_14;TOTAL;HF_122;226
2022;HC_21;TOTAL;HF_11;102
2022;HC_21;TOTAL;HF_121;8909
2022;HC_21;TOTAL;HF_122;174
2022;HC_21;TOTAL;HF_21;254
2022;HC_22;TOTAL;HF_11;16
2022;HC_22;TOTAL;HF_121;1098
2022;HC_22;TOTAL;HF_32;16
2022;HC_23;TOTAL;HF_31;2212
2022;HC_23;TOTAL;HF_32;757
2022;HC_24;TOTAL;HF_121;0
2022;HC_31;TOTAL;HF_121;23243
2022;HC_32;TOTAL;HF_121;102
2022;HC_34;TOTAL;HF_32;348
2022;HC_42;TOTAL;HF_121;4076
2022;HC_42;TOTAL;HF_32;393
2022;HC_43;TOTAL;HF_32;103
2022;HC_52;TOTAL;HF_32;2823
2022;HC_61;TOTAL;HF_121;298
2022;HC_62;TOTAL;HF_11;51
2022;HC_63;TOTAL;HF_122;49
2022;HC_64;TOTAL;HF_121;1206
2022;HC_64;TOTAL;HF_32;25
2022;HC_66;TOTAL;HF_121;137
2023;HC_11;TOTAL;HF_121;50271
2023;HC_11;TOTAL;HF_21;1371
2023;HC_11;TOTAL;HF_32;656
2023;HC_12;TOTAL;HF_11;155
2023;HC_12;TOTAL;HF_121;12232
2023;HC_21;TOTAL;HF_11;112
2023;HC_21;TOTAL;HF_32;121
2023;HC_22;TOTAL;HF_11;19
2023;HC_22;TOTAL;HF_121;1275
2023;HC_22;TOTAL;HF_122;15
2023;HC_22;TOTAL;HF_21;23
2023;HC_23;TOTAL;HF_121;6221
2023;HC_24;TOTAL;HF_122;0
2023;HC_32;TOTAL;HF_121;104
2023;HC_34;TOTAL;HF_21;19
2023;HC_34;TOTAL;HF_32;543
2023;HC_41;TOTAL;HF_11;27
2023;HC_41;TOTAL;HF_121;3690
2023;HC_41;TOTAL;HF_32;173
2023;HC_42;TOTAL;HF_122;421
2023;HC_43;TOTAL;HF_121;6294
2023;HC_43;TOTAL;HF_32;132
2023;HC_52;TOTAL;HF_121;9984
2023;HC_52;TOTAL;HF_122;4763
2023;HC_61;TOTAL;HF_11;940
2023;HC_61;TOTAL;HF_122;2
2023;HC_62;TOTAL;HF_121;1209
2023;HC_63;TOTAL;HF_21;0
2023;HC_65;TOTAL;HF_11;22
2023;HC_65;TOTAL;HF_21;0
2023;HC_65;TOTAL;HF_23;18
2023;HC_66;TOTAL;HF_11;139
2024;HC_11;TOTAL;HF_121;50276
2024;HC_11;TOTAL;HF_122;913
2024;HC_11;TOTAL;HF_21;1305
2024;HC_11;TOTAL;HF_31;298
2024;HC_11;TOTAL;HF_32;720
2024;HC_12;TOTAL;HF_121;12729
2024;HC_12;TOTAL;HF_122;135
2024;HC_14;TOTAL;HF_11;56
2024;HC_14;TOTAL;HF_122;297
2024;HC_14;TOTAL;HF_32;258
2024;HC_21;TOTAL;HF_21;384
2024;HC_22;TOTAL;HF_121;1313
2024;HC_22;TOTAL;HF_122;16
2024;HC_23;TOTAL;HF_121;6691
2024;HC_24;TOTAL;HF_32;0
2024;HC_31;TOTAL;HF_21;14
2024;HC_31;TOTAL;HF_32;13287
2024;HC_34;TOTAL;HF_11;5564
2024;HC_34;TOTAL;HF_121;4216
2024;HC_34;TOTAL;HF_122;14
2024;HC_41;TOTAL;HF_21;516
2024;HC_42;TOTAL;HF_11;21
2024;HC_42;TOTAL;HF_121;4582
2024;HC_42;TOTAL;HF_21;320
2024;HC_43;TOTAL;HF_11;33
2024;HC_43;TOTAL;HF_121;6396
2024;HC_52;TOTAL;HF_121;10479
2024;HC_52;TOTAL;HF_32;3047
2024;HC_61;TOTAL;HF_21;1
2024;HC_62;TOTAL;HF_122;124
2024;HC_63;TOTAL;HF_32;13
2024;HC_65;TOTAL;HF_122;0
2024;HC_65;TOTAL;HF_21;0
2024;HC_71;TOTAL;HF_11;1171
2024;HC_72;TOTAL;HF_121;6990
2024;HC_72;TOTAL;HF_21;4750
2021;HC_12;HP_12;TOTAL;1
2021;HC_12;HP_13;TOTAL;176
2021;HC_14;HP_34;TOTAL;265
2021;HC_31;HP_21;TOTAL;34410
2021;HC_32;HP_21;TOTAL;93
2021;HC_33;HP_22;TOTAL;1238
2021;HC_41;HP_34;TOTAL;26
2021;HC_42;HP_11;TOTAL;11
2021;HC_42;HP_34;TOTAL;65
2021;HC_43;HP_41;TOTAL;3096
2021;HC_43;HP_81;TOTAL;72
2021;HC_43;HP_82;TOTAL;2482
2021;HC_52;HP_11;TOTAL;2771
2021;HC_52;HP_33;TOTAL;336
2021;HC_52;HP_51;TOTAL;1983
2021;HC_61;HP_51;TOTAL;29
2021;HC_62;HP_11;TOTAL;0
2021;HC_62;HP_32;TOTAL;1
2021;HC_62;HP_51;TOTAL;841
2021;HC_63;HP_11;TOTAL;0
2021;HC_63;HP_12;TOTAL;0
2021;HC_63;HP_31;TOTAL;138
2021;HC_63;HP_51;TOTAL;2124
2021;HC_63;HP_52;TOTAL;0
2021;HC_63;HP_59;TOTAL;1
2021;HC_63;HP_6;TOTAL;13
2021;HC_64;HP_31;TOTAL;221
2021;HC_64;HP_6;TOTAL;2977
2021;HC_65;HP_51;TOTAL;2
2021;HC_71;HP_71;TOTAL;1126
2022;HC_11;HP_11;TOTAL;41167
2022;HC_11;HP_12;TOTAL;10335
2022;HC_14;HP_11;TOTAL;1651
2022;HC_14;HP_32;TOTAL;0
2022;HC_21;HP_11;TOTAL;9252
2022;HC_22;HP_11;TOTAL;1161
2022;HC_23;HP_33;TOTAL;9783
2022;HC_52;HP_11;TOTAL;2912
2022;HC_52;HP_13;TOTAL;143
2022;HC_61;HP_6;TOTAL;382
2022;HC_62;HP_11;TOTAL;0
2022;HC_62;HP_12;TOTAL;0
2022;HC_62;HP_42;TOTAL;0
2022;HC_63;HP_31;TOTAL;137
2022;HC_63;HP_32;TOTAL;0
2022;HC_63;HP_42;TOTAL;2407
2022;HC_63;HP_59;TOTAL;2
2022;HC_63;HP_6;TOTAL;16
2022;HC_64;HP_6;TOTAL;3068
2022;HC_66;HP_6;TOTAL;262
2022;HC_72;HP_73;TOTAL;7905
2023;HC_11;HP_11;TOTAL;42276
2023;HC_11;HP_12;TOTAL;10978
2023;HC_12;HP_13;TOTAL;211
2023;HC_12;HP_34;TOTAL;1544
2023;HC_14;HP_33;TOTAL;9345
2023;HC_23;HP_11;TOTAL;435
2023;HC_23;HP_13;TOTAL;4
2023;HC_23;HP_33;TOTAL;10512
2023;HC_24;HP_34;TOTAL;0
2023;HC_41;HP_13;TOTAL;18
2023;HC_42;HP_31;TOTAL;121
2023;HC_42;HP_32;TOTAL;378
2023;HC_52;HP_11;TOTAL;3038
2023;HC_52;HP_51;TOTAL;2073
2023;HC_52;HP_52;TOTAL;10553
2023;HC_61;HP_6;TOTAL;400
2023;HC_62;HP_31;TOTAL;194
2023;HC_62;HP_32;TOTAL;0
2023;HC_62;HP_33;TOTAL;33
2023;HC_62;HP_34;TOTAL;5
2023;HC_62;HP_52;TOTAL;0
2023;HC_63;HP_11;TOTAL;0
2023;HC_63;HP_34;TOTAL;0
2023;HC_63;HP_59;TOTAL;3
2023;HC_64;HP_6;TOTAL;3036
2023;HC_64;HP_82;TOTAL;38
2023;HC_65;HP_11;TOTAL;0
2023;HC_71;HP_71;TOTAL;1129
2023;HC_72;HP_72;TOTAL;6728
2024;HC_11;HP_12;TOTAL;11298
2024;HC_11;HP_13;TOTAL;916
2024;HC_12;HP_11;TOTAL;11531
2024;HC_14;HP_11;TOTAL;1955
2024;HC_14;HP_12;TOTAL;44
2024;HC_22;HP_11;TOTAL;1383
2024;HC_23;HP_13;TOTAL;9
2024;HC_31;HP_22;TOTAL;202
2024;HC_42;HP_12;TOTAL;0
2024;HC_42;HP_13;TOTAL;1
2024;HC_42;HP_32;TOTAL;400
2024;HC_42;HP_34;TOTAL;96
2024;HC_42;HP_42;TOTAL;5273
2024;HC_52;HP_51;TOTAL;2141
2024;HC_52;HP_52;TOTAL;10875
2024;HC_61;HP_31;TOTAL;0
2024;HC_61;HP_51;TOTAL;30
2024;HC_61;HP_82;TOTAL;669
2024;HC_62;HP_34;TOTAL;4
2024;HC_63;HP_31;TOTAL;127
2024;HC_63;HP_59;TOTAL;3
2024;HC_63;HP_6;TOTAL;17
2024;HC_64;HP_33;TOTAL;9
2024;HC_65;HP_11;TOTAL;0
2024;HC_71;HP_71;TOTAL;1171
2024;HC_72;HP_73;TOTAL;8744
2021;HC_131;TOTAL;HF_31;31
2021;HC_131;TOTAL;HF_32;1299
2021;HC_132;TOTAL;HF_122;3753
2021;HC_132;TOTAL;HF_31;725
2021;HC_132;TOTAL;HF_32;1404
2021;HC_511;TOTAL;HF_121;33154
2021;HC_511;TOTAL;HF_31;209
2021;HC_511;TOTAL;HF_32;1407
2021;HC_512;TOTAL;HF_121;0
2021;HC_512;TOTAL;HF_122;27
2021;HC_513;TOTAL;HF_21;191
2021;HC_513;TOTAL;HF_31;642
2022;HC_131;TOTAL;HF_121;12565
2022;HC_132;TOTAL;HF_21;2635
2022;HC_132;TOTAL;HF_32;1607
2022;HC_133;TOTAL;HF_121;20264
2022;HC_133;TOTAL;HF_122;1466
2022;HC_133;TOTAL;HF_32;1497
2022;HC_511;TOTAL;HF_121;34943
2022;HC_511;TOTAL;HF_32;1411
2022;HC_513;TOTAL;HF_121;2346
2022;HC_513;TOTAL;HF_31;682
2023;HC_131;TOTAL;HF_121;13026
2023;HC_132;TOTAL;HF_11;27
2023;HC_132;TOTAL;HF_121;5799
2023;HC_132;TOTAL;HF_122;4024
2023;HC_132;TOTAL;HF_31;718
2023;HC_133;TOTAL;HF_31;55
2023;HC_511;TOTAL;HF_11;255
2023;HC_511;TOTAL;HF_122;1679
2023;HC_513;TOTAL;HF_31;384
2024;HC_131;TOTAL;HF_122;1222
2024;HC_132;TOTAL;HF_121;5705
2024;HC_132;TOTAL;HF_32;1563
2024;HC_133;TOTAL;HF_121;22185
2024;HC_133;TOTAL;HF_122;1731
2024;HC_133;TOTAL;HF_32;1642
2024;HC_511;TOTAL;HF_21;1909
2024;HC_512;TOTAL;HF_122;37
2024;HC_512;TOTAL;HF_31;2702
2024;HC_513;TOTAL;HF_11;18
2021;HC_131;HP_31;TOTAL;9053
2021;HC_131;HP_34;TOTAL;290
2021;HC_132;HP_31;TOTAL;102
2021;HC_133;HP_11;TOTAL;10470
2021;HC_133;HP_12;TOTAL;2059
2021;HC_133;HP_34;TOTAL;287
2022;HC_131;HP_13;TOTAL;834
2022;HC_132;HP_32;TOTAL;12120
2022;HC_133;HP_13;TOTAL;124
2022;HC_133;HP_31;TOTAL;9930
2022;HC_133;HP_33;TOTAL;267
2022;HC_513;HP_52;TOTAL;3
2023;HC_131;HP_31;TOTAL;9605
2023;HC_131;HP_33;TOTAL;545
2023;HC_131;HP_34;TOTAL;378
2023;HC_133;HP_12;TOTAL;2620
2023;HC_511;HP_11;TOTAL;13490
2023;HC_511;HP_13;TOTAL;111
2023;HC_511;HP_51;TOTAL;28185
2023;HC_513;HP_59;TOTAL;252
2024;HC_131;HP_11;TOTAL;5445
2024;HC_131;HP_13;TOTAL;976
2024;HC_131;HP_34;TOTAL;423
2024;HC_132;HP_31;TOTAL;74
2024;HC_133;HP_11;TOTAL;12686
2024;HC_133;HP_12;TOTAL;2696
2024;HC_511;HP_11;TOTAL;15379
2024;HC_511;HP_13;TOTAL;114
2024;HC_513;HP_51;TOTAL;3004
2024;HC_513;HP_59;TOTAL;236
2021;TOTAL;TOTAL;HF_11;9564
2021;TOTAL;TOTAL;HF_31;6637
2022;TOTAL;TOTAL;HF_23;2271
2022;TOTAL;TOTAL;HF_32;25302
2023;TOTAL;TOTAL;HF_121;235636
2023;TOTAL;TOTAL;HF_122;20694
2024;TOTAL;TOTAL;HF_121;243163
2024;TOTAL;TOTAL;HF_31;7323
2021;TOTAL;HP_12;TOTAL;11738
2021;TOTAL;HP_21;TOTAL;34503
2021;TOTAL;HP_42;TOTAL;13360
2021;TOTAL;HP_51;TOTAL;36538
2021;TOTAL;HP_52;TOTAL;9995
2022;TOTAL;HP_11;TOTAL;97499
2022;TOTAL;HP_34;TOTAL;5764
2022;TOTAL;HP_51;TOTAL;38453
2022;TOTAL;HP_6;TOTAL;4853
2022;TOTAL;HP_81;TOTAL;72
2023;TOTAL;HP_11;TOTAL;102931
2023;TOTAL;HP_33;TOTAL;25076
2023;TOTAL;HP_71;TOTAL;1129
2024;TOTAL;HP_12;TOTAL;14044
2024;TOTAL;HP_32;TOTAL;13447
2024;TOTAL;HP_42;TOTAL;10314
2021;TOTAL;HP_6;HF_122;0
2023;TOTAL;HP_6;HF_32;0
2021;TOTAL;HP_11;HF_11;1409
2021;TOTAL;HP_12;HF_121;11031
2021;TOTAL;HP_12;HF_122;118
2021;TOTAL;HP_13;HF_121;2104
2021;TOTAL;HP_13;HF_122;94
2021;TOTAL;HP_13;HF_32;165
2021;TOTAL;HP_21;HF_121;21239
2021;TOTAL;HP_22;HF_121;1415
2021;TOTAL;HP_31;HF_11;112
2021;TOTAL;HP_31;HF_122;2086
2021;TOTAL;HP_31;HF_31;51
2021;TOTAL;HP_31;HF_32;1476
2021;TOTAL;HP_32;HF_31;664
2021;TOTAL;HP_32;HF_32;1274
2021;TOTAL;HP_33;HF_11;49
2021;TOTAL;HP_34;HF_11;931
2021;TOTAL;HP_34;HF_122;450
2021;TOTAL;HP_35;HF_11;3615
2021;TOTAL;HP_35;HF_121;155
2021;TOTAL;HP_41;HF_121;2912
2021;TOTAL;HP_41;HF_21;54
2021;TOTAL;HP_41;HF_32;83
2021;TOTAL;HP_42;HF_11;71
2021;TOTAL;HP_42;HF_122;924
2021;TOTAL;HP_42;HF_21;754
2021;TOTAL;HP_51;HF_11;148
2021;TOTAL;HP_51;HF_121;27376
2021;TOTAL;HP_51;HF_32;1708
2021;TOTAL;HP_52;HF_11;5
2021;TOTAL;HP_52;HF_122;3511
2021;TOTAL;HP_52;HF_31;291
2021;TOTAL;HP_52;HF_32;2770
2021;TOTAL;HP_59;HF_121;3827
2021;TOTAL;HP_59;HF_122;179
2021;TOTAL;HP_59;HF_32;150
2021;TOTAL;HP_81;HF_32;2
2021;TOTAL;HP_82;HF_121;2294
2021;TOTAL;HP_82;HF_31;55
2022;TOTAL;HP_11;HF_11;1063
2022;TOTAL;HP_12;HF_11;158
2022;TOTAL;HP_12;HF_32;166
2022;TOTAL;HP_13;HF_121;2231
2022;TOTAL;HP_31;HF_11;112
2022;TOTAL;HP_31;HF_122;2009
2022;TOTAL;HP_31;HF_21;1547
2022;TOTAL;HP_31;HF_32;1676
2022;TOTAL;HP_32;HF_121;4917
2022;TOTAL;HP_33;HF_21;1172
2022;TOTAL;HP_34;HF_32;299
2022;TOTAL;HP_41;HF_11;16
2022;TOTAL;HP_41;HF_122;36
2022;TOTAL;HP_42;HF_11;70
2022;TOTAL;HP_42;HF_121;9161
2022;TOTAL;HP_42;HF_21;742
2022;TOTAL;HP_51;HF_121;28700
2022;TOTAL;HP_51;HF_122;2065
2022;TOTAL;HP_51;HF_31;3427
2022;TOTAL;HP_51;HF_32;1756
2022;TOTAL;HP_52;HF_31;242
2022;TOTAL;HP_59;HF_11;12
2022;TOTAL;HP_59;HF_122;188
2022;TOTAL;HP_71;HF_11;1111
2022;TOTAL;HP_73;HF_21;4346
2022;TOTAL;HP_82;HF_122;41
2022;TOTAL;HP_82;HF_21;65
2023;TOTAL;HP_11;HF_122;1649
2023;TOTAL;HP_12;HF_11;175
2023;TOTAL;HP_13;HF_21;113
2023;TOTAL;HP_13;HF_32;279
2023;TOTAL;HP_21;HF_11;797
2023;TOTAL;HP_31;HF_122;2116
2023;TOTAL;HP_31;HF_32;1830
2023;TOTAL;HP_32;HF_11;12
2023;TOTAL;HP_34;HF_11;1046
2023;TOTAL;HP_34;HF_121;3880
2023;TOTAL;HP_34;HF_122;524
2023;TOTAL;HP_35;HF_32;504
2023;TOTAL;HP_41;HF_121;3436
2023;TOTAL;HP_41;HF_122;31
2023;TOTAL;HP_42;HF_11;72
2023;TOTAL;HP_42;HF_121;7765
2023;TOTAL;HP_42;HF_122;975
2023;TOTAL;HP_42;HF_21;749
2023;TOTAL;HP_51;HF_121;27517
2023;TOTAL;HP_51;HF_32;1536
2023;TOTAL;HP_52;HF_11;6
2023;TOTAL;HP_52;HF_122;4221
2023;TOTAL;HP_52;HF_21;2214
2023;TOTAL;HP_59;HF_122;204
2023;TOTAL;HP_59;HF_32;136
2023;TOTAL;HP_71;HF_11;1129
2023;TOTAL;HP_73;HF_21;4539
2023;TOTAL;HP_81;HF_11;0
2023;TOTAL;HP_81;HF_121;70
2023;TOTAL;HP_82;HF_121;2788
2024;TOTAL;HP_11;HF_21;2340
2024;TOTAL;HP_11;HF_32;2077
2024;TOTAL;HP_12;HF_121;13359
2024;TOTAL;HP_12;HF_21;234
2024;TOTAL;HP_13;HF_122;88
2024;TOTAL;HP_13;HF_21;116
2024;TOTAL;HP_21;HF_121;24446
2024;TOTAL;HP_21;HF_32;13200
2024;TOTAL;HP_22;HF_121;1870
2024;TOTAL;HP_31;HF_122;2269
2024;TOTAL;HP_31;HF_31;76
2024;TOTAL;HP_32;HF_21;2548
2024;TOTAL;HP_32;HF_31;627
2024;TOTAL;HP_33;HF_122;1342
2024;TOTAL;HP_33;HF_31;2603
2024;TOTAL;HP_34;HF_11;1139
2024;TOTAL;HP_34;HF_21;454
2024;TOTAL;HP_34;HF_32;324
2024;TOTAL;HP_35;HF_121;210
2024;TOTAL;HP_41;HF_122;42
2024;TOTAL;HP_41;HF_21;61
2024;TOTAL;HP_41;HF_32;78
2024;TOTAL;HP_42;HF_11;76
2024;TOTAL;HP_42;HF_122;1040
2024;TOTAL;HP_52;HF_122;4388
2024;TOTAL;HP_52;HF_21;2290
2024;TOTAL;HP_59;HF_11;15
2024;TOTAL;HP_59;HF_121;4540
2024;TOTAL;HP_71;HF_11;1171
2024;TOTAL;HP_73;HF_21;4750
2024;TOTAL;HP_81;HF_32;2
2024;TOTAL;HP_82;HF_121;2912
2024;TOTAL;HP_82;HF_31;58
2022;TOTAL;TOTAL;TOTAL;310473
2021;HC_11;TOTAL;TOTAL;51602
2021;HC_12;TOTAL;TOTAL;10719
2021;HC_132;TOTAL;TOTAL;13896
2021;HC_32;TOTAL;TOTAL;93
2021;HC_33;TOTAL;TOTAL;1238
2021;HC_41;TOTAL;TOTAL;5051
2021;HC_72;TOTAL;TOTAL;14282
2022;HC_11;TOTAL;TOTAL;52364
2022;HC_12;TOTAL;TOTAL;11609
2022;HC_133;TOTAL;TOTAL;24719
2022;HC_14;TOTAL;TOTAL;11948
2022;HC_43;TOTAL;TOTAL;6081
2022;HC_52;TOTAL;TOTAL;19813
2022;HC_61;TOTAL;TOTAL;1164
2022;HC_64;TOTAL;TOTAL;4394
2022;HC_65;TOTAL;TOTAL;298
2022;HC_66;TOTAL;TOTAL;262
2022;HC_72;TOTAL;TOTAL;14634
2023;HC_132;TOTAL;TOTAL;14922
2023;HC_22;TOTAL;TOTAL;1343
2023;HC_23;TOTAL;TOTAL;11056
2023;HC_513;TOTAL;TOTAL;3139
2023;HC_62;TOTAL;TOTAL;1528
2023;HC_66;TOTAL;TOTAL;221
2023;HC_72;TOTAL;TOTAL;14991
2024;HC_132;TOTAL;TOTAL;15280
2024;HC_133;TOTAL;TOTAL;27214
2024;HC_14;TOTAL;TOTAL;12639
2024;HC_21;TOTAL;TOTAL;10787
2024;HC_22;TOTAL;TOTAL;1383
2024;HC_33;TOTAL;TOTAL;1668
2024;HC_34;TOTAL;TOTAL;10357
2024;HC_511;TOTAL;TOTAL;45013
2024;HC_52;TOTAL;TOTAL;21677
